{
  "accuracy": 0.986013986013986,
  "precision": 0.9888888888888889,
  "recall": 0.9888888888888889,
  "f1": 0.9888888888888889,
  "auc_roc": 0.9976939203354298,
  "n_amostras": 569,
  "n_features": 30,
  "n_treino": 426,
  "n_teste": 143,
  "cm": [
    [
      52,
      1
    ],
    [
      1,
      89
    ]
  ]
}